{"35": {"name": "MsgType", "values": {"0": "Heartbeat", "8": "Execution Report", "A": "Logon", "D": "New Order Single"}}, "55": {"name": "stock"}, "8": {"name": "fix-version"}, "34": {"name": "MsgSeqNum"}, "49": {"name": "SenderCompID"}, "56": {"name": "TargetCompID"}, "52": {"name": "SendingTime"}, "108": {"name": "HeartBtInt"}, "10": {"name": "CheckSum"}, "37": {"name": "OrderID"}, "14": {"name": "CumQty"}, "6": {"name": "AvgPx"}, "60": {"name": "TransactTime"}, "38": {"name": "OrderQty"}, "17": {"name": "ExecID"}, "32": {"name": "LastQty"}, "44": {"name": "Price"}, "31": {"name": "LastPx"}, "39": {"name": "OrdStatus", "values": {"1": "Partially filled", "4": "Canceled", "2": "Filled"}}, "11": {"name": "ClOrdID"}, "40": {"name": "OrdType", "values": {"2": "Limit", "1": "market"}}, "54": {"name": "side", "values": {"1": "buy", "2": "sell"}}, "151": {"name": "LeavesQty"}}